event_type,count,rate
view,6379532,1.0
cart,124252,0.01947666380543275
purchase,106966,0.016767060655860023
